time,seconds_elapsed,rotationRateX,rotationRateY,rotationRateZ,gravityX,gravityY,gravityZ,accelerationX,accelerationY,accelerationZ,quaternionW,quaternionX,quaternionY,quaternionZ
1667915995882589700,0.129589599609375,-0.03654071316123009,0.006924406159669161,0.028967296704649925,0.3253718316555023,0.12358417361974716,-0.9374753832817078,0.00041860342025756836,-0.014926329255104065,0.004064738750457764,0.9842446804342561,-0.06278122689440914,0.16529011402015414,0
1667915995892563000,0.13956298828125,-0.03879108652472496,0.0056642815470695496,0.023515161126852036,0.32573723793029785,0.12400546669960022,-0.9372928738594055,-0.005394250154495239,-0.01743808388710022,0.0011966824531555176,0.9841984505503042,-0.06299820177258511,0.165483518030968,-5.551115123125783e-17
1667915995902537000,0.149536865234375,-0.02657383494079113,0.003135344013571739,0.033558472990989685,0.32601845264434814,0.12477057427167892,-0.9370935559272766,-0.01266402006149292,-0.012038655579090118,0.0035303235054016113,0.9841478125134908,-0.06341209208918928,0.16562651114619556,0.0001303269335829471
1667915995912511000,0.159510986328125,0.013059061020612717,0.019367709755897522,0.03367423266172409,0.3261238932609558,0.12499604374170303,-0.9370267987251282,-0.011838644742965698,0.0031320080161094666,-0.0006410479545593262,0.9841308079786666,-0.06355332447550441,0.16567310488161782,0.00028226523844709916
1667915995922484000,0.16948388671875,0.06258959323167801,0.03938296064734459,0.02615027129650116,0.32622671127319336,0.12445000559091568,-0.9370636940002441,-0.004815638065338135,0.012375541031360626,0.0010132789611816406,0.9841400719122615,-0.06329418591974745,0.16571665646787576,0.0003942927299129817
1667915995932458000,0.1794580078125,0.07359031587839127,0.03712788224220276,0.02013256959617138,0.32625019550323486,0.12333807349205017,-0.937202513217926,0.005384296178817749,0.005369797348976135,-0.0037001967430114746,0.9841753740213066,-0.06273610843483961,0.16571942051706298,0.0004483290132053508
1667915995942431000,0.189430908203125,0.04520980641245842,0.02967449277639389,0.023702803999185562,0.3264850378036499,0.1222749575972557,-0.9372600317001343,0.01259574294090271,-0.021231256425380707,-0.004146218299865723,0.9841899499886906,-0.06220704140513276,0.16583205044046506,0.000519002809041047
1667915995952405000,0.199405029296875,-0.010709119960665703,0.014352395199239254,0.031002793461084366,0.32689952850341797,0.12167716771364212,-0.9371933341026306,0.011021584272384644,-0.03552605211734772,-0.004853785037994385,0.9841729436187783,-0.06192736693101487,0.1660371239237089,0.0006543981522908471
1667915995962377700,0.209377685546875,-0.05473010614514351,-0.014161004684865475,0.03510033339262009,0.3269559442996979,0.12135898321866989,-0.9372149109840393,0.006753742694854736,-0.03207981586456299,-0.0017041563987731934,0.984178232547552,-0.061806873176392225,0.16604952898147088,0.0009002542737999719
1667915995972351700,0.219351806640625,-0.07933984696865082,-0.017163585871458054,0.04254031926393509,0.32664012908935547,0.12128537148237228,-0.9373345971107483,0.0046586692333221436,-0.017769768834114075,0.004229128360748291,0.9842082535978579,-0.061817492868513534,0.16586534517007356,0.0011973614175362357
1667915995982324700,0.22932470703125,-0.06253183633089066,-0.02501458302140236,0.05055669695138931,0.3260549008846283,0.1215004250407219,-0.9375104904174805,0.0021005868911743164,-0.00522845983505249,0.011744439601898193,0.9842525691558587,-0.061975623041782016,0.1655409055299557,0.0015069072865678268
1667915995992298800,0.239298828125,-0.025576483458280563,-0.010411706753075123,0.042409420013427734,0.32549503445625305,0.1220402717590332,-0.9376348853111267,-0.003839820623397827,-0.0029301717877388,0.02303832769393921,0.9842837017848662,-0.062285286579582336,0.16523652722524187,0.0017324029363883775
1667915996002272000,0.24927197265625,0.008793475106358528,0.0010247057070955634,0.042540185153484344,0.32536226511001587,0.12255217880010605,-0.9376142024993896,-0.010970205068588257,-0.006081856787204742,0.02349066734313965,0.9842781735349975,-0.0625738160294418,0.16515878458700822,0.0019009076340911202
1667915996012246000,0.25924609375,0.0229396540671587,-0.0016779034631326795,0.039682745933532715,0.3255588710308075,0.12248773872852325,-0.9375543594360352,-0.010693758726119995,-0.006231024861335754,0.007760047912597656,0.9842626410694137,-0.06257265557084571,0.16524974522312286,0.002082051021832343
1667915996022219800,0.2692197265625,0.01705646514892578,-0.004552785772830248,0.045643165707588196,0.3260757327079773,0.12134519964456558,-0.9375233054161072,-0.0006210207939147949,-0.0036236420273780823,-0.0031352639198303223,0.9842541165735992,-0.06203927542711415,0.16549764588690952,0.002355390509072075
1667915996032193000,0.279193115234375,-0.006893874611705542,-0.0016491080168634653,0.04876851662993431,0.3265027105808258,0.11980284750461578,-0.9375730752944946,0.007527410984039307,0.0015655606985092163,0.0008054971694946289,0.9842658341912521,-0.061315214283416034,0.16569221094268402,0.0027101182756888442
1667915996042167000,0.2891669921875,-0.028839120641350746,-0.002254444407299161,0.051377348601818085,0.32683065533638,0.11866838485002518,-0.9376030564308167,0.0014926791191101074,0.00367659330368042,0.00898367166519165,0.9842723800641642,-0.06080131838779255,0.1658362381028084,0.0030805517651268377
1667915996052140000,0.29914013671875,-0.04300101101398468,-0.005118574481457472,0.0479113794863224,0.32704922556877136,0.11832012981176376,-0.9375708699226379,-0.00678253173828125,0.004833541810512543,0.013239264488220215,0.984263140729056,-0.06068077652637088,0.1659288956871647,0.0034098225452368625
1667915996062114000,0.309114013671875,-0.029747260734438896,0.0012711479794234037,0.038897112011909485,0.32724645733833313,0.1184893324971199,-0.9374806880950928,-0.010153591632843018,0.0025433748960494995,0.013240575790405273,0.9842393067967161,-0.060812205850664366,0.1660166454623048,0.0036689006484759146
1667915996072086800,0.319086669921875,-0.015154467895627022,0.002408417407423258,0.03456650674343109,0.3273767828941345,0.11871417611837387,-0.9374067187309265,-0.01452586054801941,0.006117969751358032,0.014600932598114014,0.9842197848982279,-0.06096069276562853,0.16607354681242237,0.003863535917878913
1667915996082060800,0.329060791015625,-0.0035119266249239445,0.011759575456380844,0.03461950272321701,0.32734137773513794,0.11871057748794556,-0.937419593334198,-0.017496436834335327,0.010867051780223846,0.008006691932678223,0.9842224064406968,-0.06098635112467833,0.16604482018289163,0.004028102799395028
1667915996092034800,0.339034912109375,0.0024535544216632843,0.01796705275774002,0.028980810195207596,0.3272181749343872,0.11856968700885773,-0.9374803900718689,-0.016778111457824707,0.007010146975517273,0.0060076117515563965,0.9842371667888686,-0.060937413428224584,0.16597117628060887,0.004169529969143271
1667915996102007800,0.3490078125,-0.0032413494773209095,0.0240385290235281,0.026623114943504333,0.327371209859848,0.11846578866243362,-0.9374400973320007,-0.01307070255279541,0.003497704863548279,0.007661044597625732,0.9842264065854947,-0.0609062761496585,0.16604329200836823,0.0042920801764368965
1667915996111981800,0.35898193359375,-0.007017711643129587,0.01943182572722435,0.028882138431072235,0.32781505584716797,0.11852383613586426,-0.9372776746749878,-0.011378347873687744,0.007727369666099548,0.007300257682800293,0.9841845602409109,-0.060961656224466775,0.16626741439447892,0.004424204141085575
1667915996121954800,0.368954833984375,-0.004487442318350077,0.01697639189660549,0.02385649085044861,0.3281458914279938,0.11865773051977158,-0.937144935131073,-0.011571824550628662,0.009699195623397827,-0.00027877092361450195,0.9841503267818068,-0.06105289332357347,0.16643340318093627,0.0045445161797793565
1667915996131928800,0.3789287109375,-0.004494633059948683,0.018406875431537628,0.022027209401130676,0.32820624113082886,0.1188618466258049,-0.9370979070663452,-0.015233248472213745,0.008610077202320099,-0.008138298988342285,0.9841380721762317,-0.061169837813273245,0.1664610639382829,0.00461755703025124
1667915996141902000,0.388902099609375,-0.007604139391332865,0.014600684866309166,0.019121699035167694,0.3281876742839813,0.11900128424167633,-0.9370867609977722,-0.01706099510192871,0.0050984397530555725,-0.005982756614685059,0.9841348528749346,-0.06125424679126383,0.16644682669678376,0.004696973433454321
1667915996151876000,0.3988759765625,0.004956925753504038,0.025284288451075554,0.03213080018758774,0.3280450403690338,0.11922410130500793,-0.9371083974838257,-0.020214229822158813,0.005791142582893372,-0.004130065441131592,0.9841399596645164,-0.06138145257590387,0.1663674643163582,0.004783917581711039
1667915996161848800,0.408848876953125,0.030439382418990135,0.024886146187782288,0.029333412647247314,0.3278283476829529,0.11936993151903152,-0.9371656179428101,-0.01818174123764038,0.009780451655387878,-0.004881501197814941,0.9841540902376582,-0.061467677826415,0.1662495431037104,0.0048643769034818485
1667915996171822800,0.41882275390625,0.04083476588129997,0.024723127484321594,0.02387291193008423,0.327610045671463,0.11921665817499161,-0.9372614622116089,-0.0130959153175354,0.009735360741615295,-0.005762219429016113,0.9841781814578332,-0.06139627066118592,0.166131766807589,0.004915016053766819
1667915996181795800,0.4287958984375,0.035442665219306946,0.015363447368144989,0.027699343860149384,0.3274898827075958,0.11890796571969986,-0.9373427033424377,-0.008672773838043213,0.0009498149156570435,-0.007679879665374756,0.9841985397282028,-0.06124826483470967,0.16606417763659964,0.0049768143233950846
1667915996191769900,0.438769775390625,0.007987603545188904,0.00902134645730257,0.03645401820540428,0.32736432552337646,0.11886493116617203,-0.937391996383667,-0.0053886473178863525,-0.0046834200620651245,-0.008591890335083008,0.9842103820047494,-0.061244155885130276,0.16599145479430882,0.0050886204289835035
1667915996201744000,0.448743896484375,-0.024204688146710396,-0.0025964276865124702,0.03385477140545845,0.32709795236587524,0.11917506158351898,-0.9374455809593201,-0.007029592990875244,-0.0008736774325370789,-0.004265844821929932,0.9842233671138255,-0.06142224989007829,0.16584482976667086,0.005219827143569611
1667915996211716900,0.458716796875,-0.048455964773893356,-0.009619632735848427,0.02864765003323555,0.32654377818107605,0.11967943608760834,-0.9375745058059692,-0.0075893402099609375,0.006297126412391663,0.0012799501419067383,0.9842551981380073,-0.061702095372584934,0.16554633272428637,0.0053815209275712705
1667915996221691000,0.46869091796875,-0.048866089433431625,-0.014287088997662067,0.030422646552324295,0.3259696960449219,0.12018535286188126,-0.9377095699310303,-0.010890990495681763,0.016960643231868744,0.0073049068450927734,0.9842885521322999,-0.06198281598049198,0.16523724960082709,0.005545361625899081
1667915996231663900,0.478663818359375,-0.03319951146841049,-0.007502686232328415,0.02406257390975952,0.32529115676879883,0.1206691786646843,-0.9378830194473267,-0.011601030826568604,0.017102420330047607,0.013124167919158936,0.9843319140086996,-0.06224543346611875,0.16487566070189835,0.005674443813832086
1667915996241638000,0.488637939453125,-0.02188321016728878,-0.005159903317689896,0.017465390264987946,0.3247295022010803,0.12115976959466934,-0.9380144476890564,-0.01506766676902771,0.010737195611000061,0.01774156093597412,0.9843648585097683,-0.06250454040158156,0.164578150537956,0.005756467959962208
1667915996251611000,0.49861083984375,-0.019278373569250107,-0.0003321415570098907,0.014559016562998295,0.32437607645988464,0.12155592441558838,-0.9380854368209839,-0.01762866973876953,0.008006453514099121,0.018010973930358887,0.9843824983379631,-0.06271507736229462,0.16439005248186597,0.005825537966632044
1667915996261585000,0.5085849609375,-0.007900549098849297,0.014732561074197292,0.018818743526935577,0.32424503564834595,0.12157004326581955,-0.9381289482116699,-0.013270944356918335,0.014584124088287354,0.011889934539794922,0.9843929600587453,-0.06273787183565162,0.16431522690600112,0.0059257986379359084
1667915996271558000,0.518557861328125,0.011849720031023026,0.021606313064694405,0.0174721609801054,0.32431426644325256,0.1212424784898758,-0.9381474256515503,-0.008564203977584839,0.028080016374588013,0.011404871940612793,0.984397003496982,-0.06258869463023946,0.1643440194064671,0.006029333133277581
1667915996281532000,0.528531982421875,0.03259068354964256,0.03188185766339302,0.01210988499224186,0.32443681359291077,0.12086979299783707,-0.938153088092804,-0.009998977184295654,0.033732250332832336,0.002804577350616455,0.9843981615533974,-0.06240855112453797,0.16440382232655257,0.0060823795169901995
1667915996291506000,0.538505859375,0.03959612920880318,0.03793608397245407,0.00408498290926218,0.3246521055698395,0.12066146731376648,-0.9381054639816284,-0.008657872676849365,0.026646874845027924,-0.004078984260559082,0.9843861919623829,-0.06230092681368859,0.16451707023662693,0.006062819953038812
1667915996301479000,0.54847900390625,0.02998984046280384,0.04851682111620903,0.007483175955712795,0.32485121488571167,0.120878204703331,-0.9380086064338684,-0.00275343656539917,0.016557708382606506,-0.004114806652069092,0.9843618968671558,-0.06240238100609803,0.1646257473054119,0.005997994858239097
1667915996311453000,0.558452880859375,0.0016463503707200289,0.04000525921583176,0.0019002584740519524,0.3250441253185272,0.12133772671222687,-0.9378824234008789,-0.002381831407546997,0.011886738240718842,0.0020456910133361816,0.9843301955583401,-0.06262840199338751,0.16473149338759352,0.00593792835483925
1667915996321426000,0.568426025390625,-0.009061155840754509,0.04450094327330589,0.004075794480741024,0.3251219093799591,0.12178949266672134,-0.9377968907356262,-0.003466695547103882,0.009771794080734253,0.00868922472000122,0.9843087370940555,-0.06285306508160153,0.16477570546052334,0.005899392647019885
1667915996331400000,0.57839990234375,-0.006054712925106287,0.04717151075601578,0.003545713610947132,0.32516342401504517,0.12218867242336273,-0.937730610370636,-0.0014329850673675537,0.009494662284851074,0.015947163105010986,0.9842921809905065,-0.06305157491178284,0.1648004617675235,0.005866695844178649
1667915996341373000,0.588373046875,0.005326572805643082,0.04376426339149475,-0.011004466563463211,0.32526564598083496,0.12271375954151154,-0.9376266002655029,-0.0012300312519073486,0.007993005216121674,0.01462244987487793,0.9842661527103136,-0.0633057690491367,0.16486082985952547,0.005779694734505125
1667915996351347000,0.598346923828125,0.01374349370598793,0.042679257690906525,-0.02071768045425415,0.32543569803237915,0.12358039617538452,-0.9374537467956543,0.002567201852798462,0.008057162165641785,0.013350963592529297,0.9842234570188667,-0.06371738806445817,0.16496431173686027,0.005588786585758787
1667915996361319700,0.608319580078125,0.032659661024808884,0.040646735578775406,-0.017626017332077026,0.32545462250709534,0.12443337589502335,-0.9373342990875244,0.007751524448394775,0.007402554154396057,0.001207590103149414,0.9841942707759944,-0.06411536495692925,0.16499109686780553,0.005365659142656742
1667915996371293700,0.618293701171875,0.04075353965163231,0.03897731378674507,-0.014648047275841236,0.3254752457141876,0.12482939660549164,-0.9372745156288147,0.01081317663192749,0.013705134391784668,-0.008846700191497803,0.9841801072424092,-0.06428709392243898,0.16501489956011195,0.00518364826222345
1667915996381267700,0.628267822265625,0.02769366279244423,0.03277294710278511,-0.011204846203327179,0.3256307542324066,0.12491338700056076,-0.9372093081474304,0.011161208152770996,0.011027172207832336,-0.01400834321975708,0.9841642317050517,-0.06430988217835043,0.1651047805097289,0.005056145502330911
1667915996391241000,0.638240966796875,0.0030314605683088303,0.03152690455317497,-0.0028726812452077866,0.3258281946182251,0.12504342198371887,-0.9371232986450195,0.007377922534942627,0.0030235648155212402,-0.008387506008148193,0.9841427606547158,-0.06436329134697148,0.16521411659994764,0.004969021803515994
1667915996401214700,0.648214599609375,-0.03561020642518997,0.024485507979989052,-0.005469529889523983,0.32603374123573303,0.12543542683124542,-0.9369994401931763,-0.00010603666305541992,-0.004921510815620422,0.00027763843536376953,0.9841114871741532,-0.06455940656691869,0.1653250162847184,0.004935378484026254
1667915996411188000,0.65818798828125,-0.06363838165998459,0.023342212662100792,-0.008550007827579975,0.32630422711372375,0.12619756162166595,-0.9368029236793518,-0.0027568936347961426,-0.004264578223228455,0.0038042664527893066,0.9840617547102938,-0.06494611124352477,0.1654706457403614,0.004908452756508752
1667915996421162000,0.668161865234375,-0.055851563811302185,0.03200920298695564,-0.01278896164149046,0.32660624384880066,0.12700775265693665,-0.9365881681442261,-0.007422894239425659,0.0067965686321258545,0.0021399259567260742,0.9840072788727081,-0.06535743453116627,0.16563308683336075,0.004880163688976424
1667915996431135000,0.678135009765625,-0.015609867870807648,0.03253098204731941,-0.020250428467988968,0.32704585790634155,0.12758593261241913,-0.9363561868667603,-0.00593993067741394,0.01667065918445587,-0.0052790045738220215,0.9839487161013512,-0.06564564990031446,0.1658691325728413,0.004816969067442611
1667915996441109000,0.68810888671875,0.029170919209718704,0.04491627961397171,-0.0238715298473835,0.3275584578514099,0.12771807610988617,-0.9361589550971985,-0.0025005042552948,0.01432599127292633,-0.008253276348114014,0.9838992353159975,-0.06569573021362964,0.1661463035343538,0.004688292365829849
1667915996451082000,0.69808203125,0.06206895038485527,0.05223609507083893,-0.014493628405034542,0.32813194394111633,0.12762069702148438,-0.9359713792800903,0.005257308483123779,0.001438140869140625,-0.001635432243347168,0.9838523737027098,-0.06562204104904752,0.16645738891643316,0.004518008152413877
1667915996461056000,0.708055908203125,0.05227250978350639,0.05109226703643799,-0.015468079596757889,0.32868069410324097,0.1273086816072464,-0.9358212947845459,0.0062649548053741455,-0.004872158169746399,-0.0026094913482666016,0.9838148387900371,-0.06544147790871868,0.16675360213060494,0.00436545321696219
1667915996471030000,0.718030029296875,0.019433336332440376,0.04173731431365013,-0.006318967789411545,0.329141229391098,0.1270015835762024,-0.9357011914253235,0.00899350643157959,-0.005541637539863586,0.00026106834411621094,0.9837848236165397,-0.06527036605211428,0.16700059393054273,0.004258697687581803
1667915996481002800,0.728002685546875,-0.013476410880684853,0.035561442375183105,-0.0053059011697769165,0.3294171988964081,0.12678010761737823,-0.9356340765953064,0.007573127746582031,-0.009623125195503235,0.0046343207359313965,0.9837679278531674,-0.06515412813842071,0.1671463435713371,0.0042267631032304465
1667915996490976800,0.737976806640625,-0.04379782825708389,0.027487022802233696,-0.008992004208266735,0.32957565784454346,0.12693768739700317,-0.9355568885803223,0.0018757283687591553,-0.018798649311065674,0.008326053619384766,0.9837484365323218,-0.06523240629657524,0.1672312037849863,0.00420636397228763
1667915996500949800,0.74794970703125,-0.053387340158224106,0.026532279327511787,-0.010157137177884579,0.32952019572257996,0.1276623159646988,-0.9354778528213501,0.00013062357902526855,-0.016120582818984985,0.005668282508850098,0.9837284542830717,-0.06559338115938987,0.1672082278027107,0.004156022385689961
1667915996510923800,0.757923828125,-0.03613298386335373,0.03959648311138153,-0.016329899430274963,0.3295046389102936,0.12861692905426025,-0.9353525638580322,0.003075927495956421,0.001342177391052246,-0.0021626949310302734,0.9836970173052535,-0.0660666544978605,0.1672092078914253,0.004073397536960566
1667915996520897000,0.76789697265625,0.010516807436943054,0.045276738703250885,-0.01932808756828308,0.3296528160572052,0.1291637122631073,-0.9352249503135681,0.007703721523284912,0.021028518676757812,-0.0017104148864746094,0.9836650494347288,-0.06632545908020766,0.16729747351721,0.003946130050782426
1667915996530871000,0.77787109375,0.04779094457626343,0.05055772140622139,-0.023286521434783936,0.33013036847114563,0.12893621623516083,-0.9350879192352295,0.01291772723197937,0.027023866772651672,-0.006913423538208008,0.9836308424939616,-0.06618832195801985,0.16755640612741193,0.003800311177923621
1667915996540842800,0.7878427734375,0.04954197257757187,0.04640079289674759,-0.0233730748295784,0.330660343170166,0.12833301723003387,-0.9349836111068726,0.016507595777511597,0.01682382822036743,-0.0030199289321899414,0.9836049696538353,-0.06585641874489742,0.16784253746197406,0.003635497447132041
1667915996550816800,0.797816650390625,0.017504408955574036,0.04008319228887558,-0.021205637603998184,0.3312288522720337,0.12785978615283966,-0.9348472356796265,0.012521147727966309,-0.0038363486528396606,0.007357001304626465,0.9835707212383179,-0.06559628692519764,0.16814730718050644,0.003501047102420163
1667915996560790800,0.807790771484375,-0.012686517089605331,0.03268226981163025,-0.02496788650751114,0.3317306935787201,0.1275959610939026,-0.9347053170204163,0.003413289785385132,-0.018266752362251282,0.01374584436416626,0.9835349244693966,-0.06544966852411196,0.16841522851756127,0.0034085835722651447
1667915996570763500,0.817763427734375,-0.02897734008729458,0.03227756544947624,-0.028731685131788254,0.33208510279655457,0.12729528546333313,-0.9346204400062561,-0.003593921661376953,-0.023215100169181824,0.017201006412506104,0.9835136136632213,-0.06528765803912252,0.1686039538707351,0.003343065456349381
1667915996580737500,0.827737548828125,-0.020875204354524612,0.02997526340186596,-0.037115052342414856,0.3323255777359009,0.12716379761695862,-0.9345529079437256,-0.003910720348358154,-0.012982293963432312,0.015088796615600586,0.9834968402609714,-0.06520403116456569,0.16873645996021375,0.0032361747144798447
1667915996590710500,0.83771044921875,0.02053242363035679,0.04307142645120621,-0.042386244982481,0.33258992433547974,0.12737682461738586,-0.9344298243522644,0.004110485315322876,-0.0037348568439483643,0.005230605602264404,0.9834662382965449,-0.06527963966237765,0.16888947784310235,0.003031014088097639
1667915996600684500,0.8476845703125,0.06259012967348099,0.040408264845609665,-0.04885479807853699,0.33297502994537354,0.1278184950351715,-0.9342323541641235,0.006365180015563965,0.005405992269515991,-0.010408759117126465,0.9834169851740816,-0.06545161810938956,0.16911508480948131,0.0027022363316349107
1667915996610657800,0.85765771484375,0.08424349129199982,0.04643366485834122,-0.04677664488554001,0.3334667384624481,0.12810258567333221,-0.9340180158615112,0.004194974899291992,0.0028178393840789795,-0.02092278003692627,0.9833634120895346,-0.06553407082206392,0.16939975547396383,0.002317110774176845
1667915996620631800,0.8676318359375,0.07097481936216354,0.04344400018453598,-0.032923415303230286,0.33413389325141907,0.12798796594142914,-0.9337952733039856,0.004763782024383545,-0.008801579475402832,-0.019085586071014404,0.9833075335627484,-0.0654265423157247,0.16976962513019164,0.0020052507346919324
1667915996630604800,0.877604736328125,0.03741367161273956,0.04016681760549545,-0.03142525255680084,0.33482781052589417,0.12747465074062347,-0.9336169362068176,0.00735047459602356,-0.021365046501159668,-0.010902106761932373,0.9832625723525923,-0.06513447999300462,0.17014417228655587,0.0018041973239953935
1667915996640578800,0.887578857421875,0.001896953908726573,0.03642906993627548,-0.031868670135736465,0.33529266715049744,0.126898854970932,-0.9335285425186157,0.0007363557815551758,-0.0271979421377182,-0.004093587398529053,0.9832402889570575,-0.06482025344932821,0.17039387734555594,0.0016694017196612898
1667915996650552800,0.897552734375,-0.016730792820453644,0.030351469293236732,-0.02827739715576172,0.3355429172515869,0.12644894421100616,-0.9334996342658997,-0.0022146999835968018,-0.021178558468818665,0.003873169422149658,0.9832330909508582,-0.06457553545885769,0.17052909740674768,0.0015735319294927774
1667915996660525800,0.90752587890625,-0.01840219274163246,0.028423340991139412,-0.033301983028650284,0.3357335925102234,0.1264096051454544,-0.9334364533424377,0.00044798851013183594,-0.0132046639919281,-0.003560006618499756,0.9832172338528113,-0.06453776122329449,0.1706360478303379,0.001464145665745098
1667915996670499600,0.91749951171875,-0.0023366734385490417,0.020984798669815063,-0.017685117200016975,0.3359791040420532,0.12651929259300232,-0.9333332180976868,0.0034984052181243896,-0.0017176717519760132,-0.004807651042938232,0.9831911720086971,-0.06457453560891274,0.17077328690498544,0.001343686390538057
1667915996680472600,0.92747265625,0.019194185733795166,0.02813192456960678,-0.015139134600758553,0.33618828654289246,0.12662990391254425,-0.933242917060852,0.006783515214920044,0.0013760775327682495,0.0027009248733520508,0.9831683357493113,-0.0646125924497641,0.17089107945950868,0.0012294607673395963
1667915996690446600,0.937446533203125,0.03605785593390465,0.027381327003240585,-0.02069007232785225,0.3362668752670288,0.126470685005188,-0.9332361817359924,0.0030122697353363037,-0.0002804994583129883,0.012154638767242432,0.9831668442990171,-0.06450878844286971,0.17094012691332372,0.0010972093255186555
1667915996700419600,0.947419677734375,0.03885151073336601,0.032980091869831085,-0.01967700570821762,0.33642056584358215,0.1258908361196518,-0.9332591891288757,0.000874936580657959,-0.0015469640493392944,0.012376010417938232,0.9831728791806689,-0.06419206494236165,0.17102566994468993,0.0009734017160276109
1667915996710393600,0.9573935546875,0.03246951103210449,0.03344138711690903,-0.025102797895669937,0.33673691749572754,0.12495428323745728,-0.9332709908485413,0.00031444430351257324,0.005325242877006531,0.007550716400146484,0.9831759202860177,-0.06370131858655917,0.17119187807493721,0.0008905779080649601
1667915996720367600,0.96736767578125,0.010288840159773827,0.03189142793416977,-0.03593334183096886,0.336967408657074,0.12407489120960236,-0.9333050847053528,-0.005866944789886475,-0.0005550011992454529,0.0005810856819152832,0.9831846918884881,-0.06323505930082779,0.17131484024228869,0.0007839120909213793
1667915996730340600,0.977340576171875,-0.019249610602855682,0.030232541263103485,-0.03393898904323578,0.3371811509132385,0.12365516275167465,-0.9332836270332336,-0.011818021535873413,-0.009687282145023346,-0.0009967684745788574,0.9831792592699531,-0.06299922845714975,0.17143306525958854,0.0006530366070005011
1667915996740314600,0.987314697265625,-0.028654297813773155,0.026385871693491936,-0.021026916801929474,0.3373677730560303,0.12363731116056442,-0.9332185387611389,-0.01607874035835266,-0.013087384402751923,0.0036683082580566406,0.9831626957924122,-0.06297617324883453,0.17153642560182494,0.0005664684779443374
1667915996750288000,0.997287841796875,-0.017115352675318718,0.031120989471673965,-0.010610340163111687,0.3376391530036926,0.1239176094532013,-0.933083176612854,-0.013588249683380127,-0.004883795976638794,0.010948777198791504,0.983128330226865,-0.06310970320020494,0.17168451377649574,0.0005016909413082526
1667915996760262000,1.007261962890625,0.021275179460644722,0.04578835144639015,-0.008790602907538414,0.3381789028644562,0.12405088543891907,-0.9328700304031372,-0.011915475130081177,0.004992693662643433,0.011345922946929932,0.9830742506132448,-0.0631692151894911,0.171972816672587,0.00043370761418609627
1667915996770234600,1.017234619140625,0.03576916828751564,0.05350307747721672,-0.010093442164361477,0.3387492001056671,0.12392289936542511,-0.932680070400238,-0.010624229907989502,0.008584409952163696,0.011735856533050537,0.9830260050425501,-0.06309114278763274,0.17227730692902202,0.00034121061973496625
1667915996780208600,1.027208740234375,0.03839637711644173,0.05505570024251938,-0.008091811090707779,0.3393094539642334,0.12365860491991043,-0.9325115084648132,-0.006255894899368286,0.0014481991529464722,0.009858250617980957,0.9829831506967759,-0.06294242966372414,0.17257609748571928,0.0002436443957143375
1667915996790181600,1.037181640625,0.024897078052163124,0.06252291798591614,-0.0094367740675807,0.33984678983688354,0.12362182885408401,-0.9323206543922424,-0.005465716123580933,0.00011168420314788818,0.006646215915679932,0.9829346603859965,-0.06290787315256768,0.17286486651131486,0.0001354423795999482
1667915996800155600,1.04715576171875,0.028562385588884354,0.05708501115441322,-0.021173059940338135,0.3401312530040741,0.12344837188720703,-0.9322398900985718,-0.0002875328063964844,0.005869850516319275,0.003940939903259277,0.9829140241321046,-0.06279922980657142,0.17302111482502186,0.000011886842689157184
1667915996810129700,1.057129638671875,0.039465367794036865,0.06745344400405884,-0.03652380779385567,0.34024351835250854,0.12297409772872925,-0.9322616457939148,0.0015228092670440674,0.017315194010734558,-0.001423656940460205,0.9829195319155415,-0.06252511985984585,0.1730889895485772,-0.00017267971894013856
1667915996820102700,1.0671025390625,0.05479931831359863,0.066338911652565,-0.04888913035392761,0.3403124511241913,0.12234192341566086,-0.9323196411132812,0.003422260284423828,0.024813830852508545,-0.01021575927734375,0.9829342356543451,-0.06215657485723743,0.17313793354589163,-0.0004339667012814852
1667915996830076700,1.07707666015625,0.06556541472673416,0.070107601583004,-0.04892275109887123,0.34052878618240356,0.12191086262464523,-0.9322971105575562,0.005372673273086548,0.02080458402633667,-0.011672616004943848,0.9829282499580294,-0.06188252835358598,0.17326858798634917,-0.0007464976986552574
1667915996840049700,1.087049560546875,0.058127470314502716,0.06176125630736351,-0.05729573220014572,0.34075963497161865,0.12179586291313171,-0.9322277903556824,0.005065560340881348,0.01287820190191269,-0.009865105152130127,0.9829103198929146,-0.06175978601704111,0.17341232572538537,-0.001116424958777229
1667915996850023700,1.097023681640625,0.054266154766082764,0.06295939534902573,-0.05839621648192406,0.34102076292037964,0.12187868356704712,-0.9321214556694031,0.0015237629413604736,0.003014497458934784,-0.004264652729034424,0.9828826826326496,-0.06173270188428805,0.1735751832426984,-0.001517138927981887
1667915996859997700,1.106997802734375,0.05844917893409729,0.06098386272788048,-0.06003166362643242,0.341374009847641,0.1217075064778328,-0.932014524936676,-0.001911759376525879,0.003948614001274109,0.0021439194679260254,0.9828549221059231,-0.06158201494440056,0.17378259905057564,-0.0018849213948730625
1667915996869970700,1.116970703125,0.05764863267540932,0.0628775879740715,-0.07371749728918076,0.3417178988456726,0.12149401009082794,-0.931916356086731,0.0020931363105773926,0.010662361979484558,-0.000563502311706543,0.9828290401973719,-0.06140255498371662,0.17398720828919478,-0.0022920638120328407
1667915996879944400,1.1269443359375,0.058419086039066315,0.05911347642540932,-0.07366769760847092,0.3421962857246399,0.12148181349039078,-0.9317424297332764,0.005749881267547607,0.008400991559028625,-0.0011647343635559082,0.9827836991092198,-0.06131694333983048,0.1742671290662393,-0.0027521859367756196
1667915996889917700,1.136917724609375,0.05485258251428604,0.05084938555955887,-0.07275480777025223,0.3425586521625519,0.12175366282463074,-0.931573748588562,0.0036785006523132324,-0.006717666983604431,0.0003908872604370117,0.9827392547275982,-0.06137225678809467,0.17448948662677055,-0.003231746005768976
1667915996899891700,1.1468916015625,0.043676361441612244,0.04598858579993248,-0.06162678822875023,0.34282436966896057,0.12225038558244705,-0.9314109086990356,-0.000356137752532959,-0.015255764126777649,-0.0028389692306518555,0.9826962415807421,-0.061544608526632356,0.1746619564543043,-0.0036959206401318556
1667915996909864700,1.15686474609375,0.03455077111721039,0.05424044281244278,-0.051917675882577896,0.34312888979911804,0.12267101556062698,-0.9312434792518616,0.002269059419631958,-0.01018323004245758,-0.00009196996688842773,0.9826520923036168,-0.06169090559962194,0.17484991960332558,-0.004088135826512018
1667915996919838700,1.166838623046875,0.05067168548703194,0.05352218821644783,-0.05147213116288185,0.3435032069683075,0.12278694659471512,-0.9310901761054993,0.005022764205932617,0.0020146816968917847,0.008635342121124268,0.9826116704808229,-0.06169048570375926,0.17506910267927228,-0.004430727492414632
1667915996929811700,1.176811767578125,0.06451132893562317,0.055812619626522064,-0.058637700974941254,0.3438666760921478,0.1224980279803276,-0.9309940338134766,0.002690911293029785,0.0050043985247612,0.013315200805664062,0.982585426393512,-0.06148121467533312,0.1752798674008239,-0.00478360859053073
1667915996939785700,1.18678564453125,0.054461896419525146,0.06277039647102356,-0.059014271944761276,0.3442440629005432,0.12226125597953796,-0.9308857321739197,-0.0036679208278656006,-0.004112467169761658,0.018486440181732178,0.9825560484566438,-0.06129498537655832,0.1754994675374065,-0.0051559618651183525
1667915996949759700,1.196759765625,0.04796325042843819,0.05261441320180893,-0.05016527324914932,0.34470635652542114,0.12226790934801102,-0.9307137727737427,-0.007471859455108643,-0.013854220509529114,0.012653470039367676,0.982510291941125,-0.06123468699393013,0.17576528577752953,-0.005520115794730329
1667915996959732700,1.206732666015625,0.024240875616669655,0.058480557054281235,-0.04062529653310776,0.34522515535354614,0.12230461090803146,-0.9305166602134705,0.0005084574222564697,-0.015065856277942657,0.008580565452575684,0.9824585127987466,-0.06120306650135212,0.1760564333458387,-0.005809691583269716
1667915996969706800,1.216706787109375,-0.0068989344872534275,0.03603317588567734,-0.04072551801800728,0.34565311670303345,0.12213267385959625,-0.9303803443908691,0.011310964822769165,-0.012376219034194946,0.01158761978149414,0.9824226274982286,-0.061079580574906256,0.17629270783977077,-0.0060148574157698476
1667915996979679500,1.226679443359375,-0.030469240620732307,0.03380730375647545,-0.039817117154598236,0.34579965472221375,0.12198970466852188,-0.9303446412086487,0.01665756106376648,-0.007991306483745575,0.008179724216461182,0.9824123750494766,-0.060977273100014336,0.17637875687922977,-0.006180018860786729
1667915996989653500,1.236653564453125,-0.03860120102763176,0.030769485980272293,-0.039404213428497314,0.3460738956928253,0.12216456979513168,-0.9302197098731995,0.010905414819717407,0.0036288872361183167,-0.004411637783050537,0.9823795819322714,-0.06103934636089593,0.17653428264771115,-0.006335746393408281
1667915996999626800,1.246626708984375,-0.019084494560956955,0.032175369560718536,-0.035510141402482986,0.34644755721092224,0.12267602980136871,-0.9300132989883423,0.004870742559432983,0.01829991489648819,-0.014978766441345215,0.9823259212508448,-0.06126929666383493,0.17674681319114774,-0.006515520709886591
1667915997009600500,1.2566005859375,-0.0028844857588410378,0.04006679728627205,-0.029210634529590607,0.34686025977134705,0.12309062480926514,-0.9298046231269836,0.005236238241195679,0.021471135318279266,-0.018620669841766357,0.9822716798716218,-0.06145084133600843,0.1769787448286592,-0.00668945245171082
1667915997019574500,1.266574462890625,-0.005434995051473379,0.03509360924363136,-0.03288233280181885,0.3471722900867462,0.12314564734697342,-0.9296808838844299,0.0032915472984313965,0.002830915153026581,-0.01940053701400757,0.9822390742170533,-0.06145053191531584,0.17715357049310337,-0.0068511651641881555
1667915997029547800,1.2765478515625,-0.028942184522747993,0.032704055309295654,-0.017771868035197258,0.3473286032676697,0.12296248972415924,-0.9296467304229736,-0.004814594984054565,-0.013022929430007935,-0.008753538131713867,0.9822297414916252,-0.061340793563646946,0.17723976605720868,-0.006942537448450581
1667915997039521800,1.286521728515625,-0.044829271733760834,0.021886827424168587,0.00024388357996940613,0.3476268947124481,0.12286943197250366,-0.9295475482940674,-0.00673028826713562,-0.013280823826789856,-0.006365537643432617,0.9822046867066575,-0.06129828402282955,0.17739430943060344,-0.006918236398563593
1667915997049494800,1.296494873046875,-0.03871465474367142,0.02139417640864849,0.01886465959250927,0.34821927547454834,0.12284398823976517,-0.9293291568756104,-0.0011581480503082275,0.0005996152758598328,-0.0067059993743896484,0.9821500279281586,-0.06131059817730997,0.1776975598925694,-0.006785622760982601
1667915997059468800,1.30646875,-0.03259683772921562,0.02217688038945198,0.009036265313625336,0.34891989827156067,0.12283904105424881,-0.9290670156478882,-0.004574835300445557,0.010400697588920593,-0.001978576183319092,0.9820842005435187,-0.061335369825239905,0.17805751228854147,-0.006644054195269811
1667915997069441800,1.31644189453125,-0.028048960492014885,0.017943168058991432,0.0027879783883690834,0.34926071763038635,0.1231599822640419,-0.928896427154541,-0.010805517435073853,0.00006999075412750244,0.004656314849853516,0.9820410580346491,-0.06150772363579435,0.17823743658443272,-0.006602886087969273
1667915997079415800,1.326415771484375,-0.031725186854600906,0.016456859186291695,0.0024324459955096245,0.3492952585220337,0.12389552593231201,-0.9287856221199036,-0.01880517601966858,-0.011422999203205109,0.0075362324714660645,0.9820127817800506,-0.06188189720724738,0.17826334421378792,-0.006613529091946346
1667915997089389600,1.3363896484375,-0.025473950430750847,0.02428332343697548,-0.014321276918053627,0.3493345081806183,0.12473402172327042,-0.9286586046218872,-0.017608433961868286,-0.003319844603538513,0.006447911262512207,0.981980051096129,-0.062299874232134254,0.17829586651892285,-0.006673042864247025
1667915997099362600,1.346362548828125,-0.000683649443089962,0.02921762689948082,-0.030574284493923187,0.3493664562702179,0.12491105496883392,-0.9286227822303772,-0.008775055408477783,0.019116640090942383,0.0005984902381896973,0.9819701946237391,-0.062371139772437245,0.17832117426044428,-0.006779494073881842
1667915997109336600,1.356336669921875,0.03648289665579796,0.04233384504914284,-0.04216820001602173,0.34938207268714905,0.12438146770000458,-0.9286879897117615,-0.0029618144035339355,0.03296715021133423,-0.014335691928863525,0.9819856206175818,-0.06207040885872722,0.17833469442265498,-0.006944730038893565
1667915997119309600,1.3663095703125,0.050590191036462784,0.040573760867118835,-0.04064753279089928,0.34941479563713074,0.1236446276307106,-0.9287740588188171,-0.001636505126953125,0.0250064879655838,-0.02447301149368286,0.9820059312354625,-0.06165249732460435,0.17835898008397713,-0.007172032883308532
1667915997129283600,1.37628369140625,0.02811790443956852,0.027095388621091843,-0.039652153849601746,0.34953629970550537,0.12336627393960953,-0.9287654161453247,-0.0016817152500152588,0.0061960965394973755,-0.02754873037338257,0.9820018763265331,-0.061464778395162095,0.17843594394157863,-0.007423440431527817
1667915997139256800,1.3862568359375,0.009661932475864887,0.016291743144392967,-0.029901258647441864,0.3495193421840668,0.12362804263830185,-0.9287369847297668,-0.0017410516738891602,-0.002152837812900543,-0.01976466178894043,0.9819929876945085,-0.06155924324641171,0.17844319704833925,-0.00763983926950762
1667915997149230600,1.396230712890625,0.011162890121340752,0.01563906855881214,-0.03155996650457382,0.3493543863296509,0.12368019670248032,-0.9287920594215393,-0.006611496210098267,0.00339498370885849,-0.006358087062835693,0.9820056369402097,-0.06155426459316934,0.17836768058400063,-0.0078123161002236485
1667915997159204600,1.40620458984375,0.03975006192922592,0.018806366249918938,-0.045412130653858185,0.34902283549308777,0.1232844814658165,-0.9289693236351013,-0.007760077714920044,0.018393367528915405,0.006438195705413818,0.9820491599258434,-0.061316230428628715,0.17820118451974126,-0.008006044107660704
1667915997169177900,1.416177734375,0.07580739259719849,0.0387594997882843,-0.0621509850025177,0.3488024175167084,0.12290416657924652,-0.9291024804115295,-0.011384814977645874,0.025136590003967285,0.010309755802154541,0.9820803941758082,-0.06106135129394971,0.17810182182298373,-0.008337520292557021
1667915997179152000,1.42615185546875,0.07890598475933075,0.046129267662763596,-0.07287713140249252,0.3488559424877167,0.12308430671691895,-0.9290585517883301,-0.014429092407226562,0.014137975871562958,0.005474567413330078,0.9820648531432417,-0.061064421564799395,0.17816246224259163,-0.00882863828293895
1667915997189124600,1.43612451171875,0.053724467754364014,0.03256427124142647,-0.05605210363864899,0.3488885760307312,0.1236703172326088,-0.9289684891700745,-0.009502679109573364,-0.002027265727519989,0.006895124912261963,0.98203734435491,-0.061274332334508685,0.1782167884225415,-0.009322772872498053
1667915997199098600,1.4460986328125,0.014913951978087425,0.030671564862132072,-0.04240846261382103,0.34883540868759155,0.12419350445270538,-0.9289186596870422,-0.0037273764610290527,-0.005007117986679077,0.0025575757026672363,0.9820214510005343,-0.06148066593546814,0.17821561051161725,-0.009659197630915606
1667915997209071600,1.456071533203125,-0.019786769524216652,0.012403643690049648,-0.020723627880215645,0.3486623466014862,0.12439669668674469,-0.9289564490318298,0.0019235610961914062,0.00602017343044281,0.0019849538803100586,0.9820294126035292,-0.061553739273968185,0.17813736856823245,-0.0098281840940318
1667915997219045600,1.466045654296875,-0.029744597151875496,0.012979152612388134,-0.008232603780925274,0.34855666756629944,0.12452336400747299,-0.9289790987968445,0.004745274782180786,0.02159479260444641,0.012032687664031982,0.9820348196557047,-0.06161124179499745,0.1780856419079843,-0.009867700942490676
1667915997229019600,1.47601953125,-0.023414527997374535,0.017435604706406593,-0.014115681871771812,0.34846293926239014,0.12487377971410751,-0.9289672374725342,-0.00005900859832763672,0.03020128607749939,0.02459406852722168,0.9820312598443506,-0.06178275712593447,0.17804289807836116,-0.00990935389608577
1667915997238992600,1.48599267578125,-0.0016285385936498642,0.027242427691817284,-0.027989951893687248,0.34851065278053284,0.12562371790409088,-0.9288482069969177,-0.010223299264907837,0.030427902936935425,0.028137147426605225,0.9819994901807207,-0.06213779767316427,0.17808643496699472,-0.01006576732274217
1667915997248966700,1.495966552734375,0.00877909455448389,0.037008821964263916,-0.03171240910887718,0.34853798151016235,0.12642499804496765,-0.928729236125946,-0.012936204671859741,0.022043004631996155,0.019305408000946045,0.9819667372444025,-0.06250627495320638,0.17812452244739038,-0.01029289861454935
1667915997258939600,1.505939697265625,-0.005616622511297464,0.03829938918352127,-0.0382709763944149,0.34846770763397217,0.12688897550106049,-0.9286923408508301,-0.008456140756607056,0.01678776741027832,0.004971027374267578,0.9819548349116431,-0.06270084069716145,0.17810795169323365,-0.010527867774043853
1667915997268913700,1.51591357421875,-0.014741145074367523,0.036823298782110214,-0.040567729622125626,0.3485788106918335,0.1269955188035965,-0.9286360740661621,-0.003928571939468384,0.01535370945930481,0.006165981292724609,0.981938417699117,-0.06272054413506857,0.17817997339182165,-0.010719757636027227
1667915997278887000,1.525886962890625,-0.026488348841667175,0.03924624249339104,-0.0328189954161644,0.348831444978714,0.1270759254693985,-0.928530216217041,-0.004608452320098877,0.015563234686851501,0.012453556060791016,0.9819098656730643,-0.06273482022980015,0.17832342087706904,-0.01086801591811537
1667915997288860700,1.535860595703125,-0.0268848929554224,0.03902578353881836,-0.021102573722600937,0.3492122292518616,0.12752775847911835,-0.9283251166343689,-0.00488242506980896,0.018010541796684265,0.010264813899993896,0.9818562552576626,-0.06294298014077049,0.17853747228433367,-0.010994454455420855
1667915997298834700,1.545834716796875,-0.012286510318517685,0.037426553666591644,-0.018749404698610306,0.3497590720653534,0.12838277220726013,-0.928001344203949,-0.0029725730419158936,0.018269449472427368,0.0035018324851989746,0.9817723904102739,-0.06335635951255728,0.17884435276408844,-0.01112621828971444
1667915997308807700,1.5558076171875,-0.015136625617742538,0.02905980311334133,-0.03321485221385956,0.35018882155418396,0.12952296435832977,-0.9276807904243469,-0.005462288856506348,0.017327621579170227,-0.0019915103912353516,0.9816883686273992,-0.06390208833228163,0.17909812779696385,-0.01133201866548067
1667915997318781700,1.56578173828125,-0.02525743655860424,0.03309076279401779,-0.033556003123521805,0.3503628373146057,0.1307736039161682,-0.9274395704269409,-0.010290205478668213,0.009546205401420593,-0.005635380744934082,0.9816241447421274,-0.06449833510800335,0.1792210346805534,-0.011570531418961583
1667915997328754700,1.575754638671875,-0.03278565779328346,0.03886803984642029,-0.03129606693983078,0.3503974378108978,0.13180974125862122,-0.9272798299789429,-0.013056159019470215,0.005748242139816284,0.003299117088317871,0.9815810598992414,-0.06499053162773372,0.1792660634776895,-0.011777992004485982
1667915997338728700,1.585728759765625,-0.027770129963755608,0.04246916621923447,-0.03537523001432419,0.35047170519828796,0.13259150087833405,-0.9271402955055237,-0.013588190078735352,0.012778982520103455,0.005448341369628906,0.9815431395000959,-0.0653555929866023,0.17932794146984068,-0.011969219220092364
1667915997348702700,1.59570263671875,-0.004124453756958246,0.048241619020700455,-0.03794418275356293,0.3507189452648163,0.13319766521453857,-0.9269598722457886,-0.005290508270263672,0.027355298399925232,0.0018042325973510742,0.9814946238860944,-0.06562711284129544,0.17948020060495054,-0.012180600760251126
1667915997358675700,1.60567578125,0.020498866215348244,0.05807454511523247,-0.03725655376911163,0.35107070207595825,0.13359235227108002,-0.9267699122428894,0.00426068902015686,0.03993059694766998,-0.009127914905548096,0.9814430953418962,-0.06578344406191561,0.1796874614273447,-0.012429737258015827
1667915997368649700,1.615649658203125,0.04689665511250496,0.05192605033516884,-0.04099210351705551,0.3513985574245453,0.13382329046726227,-0.9266123175621033,0.009654909372329712,0.04385004937648773,-0.01712852716445923,0.9813995517130092,-0.06585207764742028,0.17988145175985576,-0.012699720854387475
1667915997378622700,1.625622802734375,0.06159357354044914,0.05243471637368202,-0.0400346964597702,0.3516848385334015,0.13388413190841675,-0.9264948964118958,0.008361518383026123,0.03522901237010956,-0.021014869213104248,0.9813654477196764,-0.06582597927088607,0.18005413135589649,-0.013011241689922737
1667915997388596700,1.6355966796875,0.05325894430279732,0.046794138848781586,-0.056540437042713165,0.35184764862060547,0.13391605019569397,-0.926428496837616,0.0036058127880096436,0.023402050137519836,-0.016228973865509033,0.9813439218752291,-0.06577786475878315,0.18016389516450249,-0.013361824454053928
1667915997398569500,1.645569580078125,0.04403056204319,0.04677363485097885,-0.06569638103246689,0.35177573561668396,0.13388733565807343,-0.9264599680900574,0.0024722814559936523,0.024910882115364075,-0.009773612022399902,0.9813463451144894,-0.06568956354100144,0.1801524597670225,-0.013763074623986238
1667915997408543500,1.65554345703125,0.05387333780527115,0.05119025707244873,-0.07846371084451675,0.3517560362815857,0.13382704555988312,-0.9264761209487915,0.001835852861404419,0.03199020028114319,-0.005256056785583496,0.981344098306741,-0.0655768075282603,0.18017107442872174,-0.014209343714446099
1667915997418517500,1.665517578125,0.05717432498931885,0.05643082410097122,-0.08945298194885254,0.35175248980522156,0.13399602472782135,-0.9264530539512634,0.004906415939331055,0.03357599675655365,-0.005477488040924072,0.9813305440395615,-0.06556714962872581,0.18020660278480738,-0.014732889054118126
1667915997428490800,1.67549072265625,0.04510248079895973,0.049825519323349,-0.08804602921009064,0.3519435524940491,0.13466817140579224,-0.9262830018997192,0.009979665279388428,0.028097331523895264,-0.004182696342468262,0.981278303350247,-0.06580496940736658,0.18035575496949768,-0.015309172839874707
1667915997438464800,1.68546484375,0.03559765964746475,0.04592105746269226,-0.08290399610996246,0.35222128033638,0.13576863706111908,-0.9260167479515076,0.011914432048797607,0.022892236709594727,-0.0034266114234924316,0.981201247687002,-0.06625983187473135,0.18055815964025576,-0.01589566652297758
1667915997448437800,1.695437744140625,0.02391676791012287,0.0496680922806263,-0.08742387592792511,0.3525466024875641,0.13697552680969238,-0.9257152080535889,0.010765135288238525,0.024645552039146423,-0.007573366165161133,0.9811151468124216,-0.06677413709848434,0.18078611595793206,-0.016453954996096642
1667915997458411800,1.705411865234375,0.02560414746403694,0.06043525040149689,-0.08798180520534515,0.3528585731983185,0.13787314295768738,-0.9254630208015442,0.0059671103954315186,0.029012233018875122,-0.01154869794845581,0.981041675061611,-0.06713363415185716,0.18100153899973268,-0.016992553130127763
1667915997468384800,1.715384765625,0.02962791733443737,0.07392974942922592,-0.09427565336227417,0.35322874784469604,0.13841144740581512,-0.9252414703369141,-0.0013458430767059326,0.03332620859146118,-0.0060634613037109375,0.9809758304528349,-0.06730965015134661,0.1812420683335328,-0.017526740949888153
1667915997478358800,1.72535888671875,0.054756708443164825,0.08358264714479446,-0.10171598941087723,0.35366666316986084,0.13891130685806274,-0.9249992370605469,-0.0053390562534332275,0.044346749782562256,0.004604339599609375,0.9809033359438329,-0.06745398247290395,0.18152229673000553,-0.018123470003379438
1667915997488332800,1.735332763671875,0.07906470447778702,0.09591174870729446,-0.12271874397993088,0.354266494512558,0.13938386738300323,-0.924698531627655,-0.006732314825057983,0.03905239701271057,0.006577193737030029,0.9808133709492534,-0.06756390908343642,0.1818951518288365,-0.018825964827611952
1667915997498305800,1.745305908203125,0.0809110775589943,0.10741207748651505,-0.13918161392211914,0.3549804985523224,0.1397668719291687,-0.92436683177948,-0.006027281284332275,0.0230596661567688,-0.0046187639236450195,0.9807125564012311,-0.06760394541949384,0.1823356457640956,-0.01965274387217436
1667915997508279600,1.755279541015625,0.06579497456550598,0.11391791701316833,-0.13014177978038788,0.3559457063674927,0.14011384546756744,-0.923943042755127,-0.0012551546096801758,-0.004081740975379944,-0.005622386932373047,0.9805878471760658,-0.0676252331844534,0.18290789186345163,-0.020471736461817158
1667915997518252500,1.76525244140625,0.048799216747283936,0.09976960718631744,-0.1110229417681694,0.35687917470932007,0.14047181606292725,-0.9235284924507141,0.001992255449295044,-0.016173750162124634,-0.008569836616516113,0.9804668623860903,-0.06767046345696734,0.18345693958055384,-0.02118896809368087
1667915997528226600,1.7752265625,0.036821648478507996,0.09109524637460709,-0.08674274384975433,0.35765498876571655,0.14104805886745453,-0.9231405258178711,0.012553751468658447,-0.0012928098440170288,-0.00029093027114868164,0.980354967195589,-0.0678506426866107,0.18391857387428018,-0.02178309131930045
1667915997538199600,1.785199462890625,0.012987954542040825,0.07939118891954422,-0.0709448754787445,0.35817015171051025,0.14181473851203918,-0.9228232502937317,0.02403193712234497,0.013519719243049622,-0.0015084147453308105,0.9802628662488924,-0.06814803510837869,0.18423960322467267,-0.02227739553933622
1667915997548173600,1.795173583984375,-0.0023630387149751186,0.0740085169672966,-0.0654517263174057,0.3584457039833069,0.14290857315063477,-0.922547459602356,0.018934637308120728,0.006993770599365234,-0.001799464225769043,0.9801821732140841,-0.06862218605954735,0.18443770295916076,-0.022728768167160573
1667915997558147600,1.805147705078125,-0.008928529918193817,0.08553281426429749,-0.046535298228263855,0.35875603556632996,0.14441528916358948,-0.9221921563148499,0.004769325256347656,-0.004293844103813171,-0.0041689276695251465,0.980081790009816,-0.06931406421926865,0.18466047838775104,-0.02314620582756144
1667915997568120600,1.81512060546875,-0.012103816494345665,0.08791869133710861,-0.042488645762205124,0.35915833711624146,0.1457754671573639,-0.9218214750289917,-0.009121745824813843,0.0010445713996887207,-0.0032578706741333008,0.979979085178595,-0.06994491812432557,0.1849242655901319,-0.02348624149018319
1667915997578094600,1.825094482421875,0.009651546366512775,0.0892004743218422,-0.044477496296167374,0.35950136184692383,0.14646492898464203,-0.9215784072875977,-0.006916522979736328,0.020786643028259277,0.00032901763916015625,0.9799100922038209,-0.07024099597057835,0.18514044489746573,-0.023779801315175764
1667915997588067600,1.835067626953125,0.03863366320729256,0.10212231427431107,-0.05596049129962921,0.3600831627845764,0.14608114957809448,-0.9214121699333191,0.004113614559173584,0.03739053010940552,-0.002324402332305908,0.9798609020563928,-0.06998867535663392,0.18546021723070796,-0.024055857540127623
1667915997598041600,1.84504150390625,0.06048277020454407,0.10755942016839981,-0.06218802556395531,0.3608207404613495,0.14508718252182007,-0.9212806820869446,0.009647399187088013,0.03527170419692993,-0.00642317533493042,0.9798197240125921,-0.06941555237120564,0.1858524394682532,-0.02436805105112516
1667915997608015600,1.855015625,0.032421305775642395,0.11120502650737762,-0.054590560495853424,0.3619425296783447,0.1446763575077057,-0.9209051728248596,0.013957738876342773,0.016578510403633118,-0.004143655300140381,0.979714977807318,-0.06913027265636447,0.18646287918144008,-0.024724592335050866
1667915997617988600,1.864988525390625,-0.009856108576059341,0.09853450208902359,-0.03519102931022644,0.36332273483276367,0.1450536847114563,-0.920302152633667,0.01292845606803894,0.0004846155643463135,0.013869047164916992,0.9795540950239976,-0.06926314199666488,0.18722059712005673,-0.02499645582576926
1667915997627962600,1.874962646484375,-0.030563516542315483,0.09133555740118027,-0.037773117423057556,0.36449527740478516,0.14549601078033447,-0.9197685122489929,0.010428428649902344,0.011013373732566833,0.01872175931930542,0.979413528685174,-0.06944915475997855,0.18786312905011374,-0.025170257881793667
1667915997637935600,1.884935546875,0.002304151188582182,0.10766526311635971,-0.06597732752561569,0.36519280076026917,0.14564649760723114,-0.9194679856300354,0.004329264163970947,0.040739595890045166,0.0168190598487854,0.9793303877752602,-0.06947456622835146,0.1882533030618262,-0.025416254345299816
1667915997647909600,1.89490966796875,0.06171102076768875,0.1186131164431572,-0.09061574190855026,0.36560317873954773,0.14566180109977722,-0.9193024039268494,-0.002245664596557617,0.05328229069709778,0.012686192989349365,0.9792756451731348,-0.0693881769793755,0.18850482550938163,-0.025891887784042722
1667915997657882400,1.90488232421875,0.12189153581857681,0.13957566022872925,-0.10728632658720016,0.3662281036376953,0.14582785964012146,-0.9190273284912109,-0.0109882652759552,0.034317389130592346,-0.0005283355712890625,0.9791868594335705,-0.06933495303769968,0.18888884927791616,-0.026587364218440823
1667915997667856400,1.9148564453125,0.13175562024116516,0.14886432886123657,-0.1069113090634346,0.36723649501800537,0.14616453647613525,-0.9185712933540344,-0.010455489158630371,0.005568847060203552,-0.014518916606903076,0.9790481145656217,-0.069344551849068,0.1894879200199213,-0.027392871806429242
1667915997677830400,1.924830322265625,0.09145373106002808,0.13937842845916748,-0.07514645904302597,0.36834487318992615,0.14647312462329865,-0.9180782437324524,0.002748847007751465,-0.013416483998298645,-0.022732913494110107,0.978902685419371,-0.06936002551148215,0.19013168268785072,-0.02808497569751006
1667915997687803400,1.934803466796875,0.03540591150522232,0.12345782667398453,-0.036476537585258484,0.36957138776779175,0.1465105265378952,-0.9175792336463928,0.015194207429885864,-0.021296918392181396,-0.025490224361419678,0.9787635583003588,-0.06929036990878297,0.19081199453044811,-0.028490738029592788
1667915997697777400,1.94477734375,-0.009152235463261604,0.11482412368059158,-0.010966915637254715,0.370928555727005,0.14649130403995514,-0.9170345067977905,0.017117708921432495,-0.002097383141517639,-0.024158120155334473,0.9786201775706853,-0.06924147698942823,0.19154204454363738,-0.02863362350418991
1667915997707750700,1.954750732421875,-0.00721744867041707,0.11375290155410767,-0.002010483294725418,0.37219053506851196,0.14699003100395203,-0.9164431691169739,0.009004473686218262,0.02656342089176178,-0.014892220497131348,0.9784668301806477,-0.06947208521913606,0.1922291102972528,-0.02870992026793412
1667915997717724700,1.964724609375,0.059751998633146286,0.13466563820838928,-0.009203414432704449,0.3733360171318054,0.14799536764621735,-0.9158152341842651,-0.0013573169708251953,0.041411951184272766,-0.008256971836090088,0.9783003610567301,-0.06993854417700043,0.1928755304306679,-0.028913895613815854
1667915997727698700,1.97469873046875,0.1211189478635788,0.17361289262771606,-0.037103909999132156,0.3744582235813141,0.1487104296684265,-0.9152411222457886,-0.010108888149261475,0.043596088886260986,-0.008678615093231201,0.9781418112845865,-0.07021776200999079,0.1935172305650193,-0.029311510026110044
1667915997737671700,1.984671630859375,0.14365914463996887,0.1833917498588562,-0.058927714824676514,0.3754419982433319,0.1485282927751541,-0.9148675799369812,-0.003219097852706909,0.03631666302680969,-0.002216160297393799,0.9780299926479947,-0.0700082389540939,0.19407487295248113,-0.029854406536399924
1667915997747645700,1.994645751953125,0.13420332968235016,0.18191705644130707,-0.04945267736911774,0.376332551240921,0.14750686287879944,-0.9146668910980225,0.012873351573944092,0.028777912259101868,-0.003439188003540039,0.977963331004305,-0.06937705001398742,0.19455943318149038,-0.03035176304438847
1667915997757618700,2.00461865234375,0.12384442985057831,0.1669333130121231,-0.02713645249605179,0.3774603307247162,0.14601962268352509,-0.9144408106803894,0.024593442678451538,0.02611476182937622,-0.010348618030548096,0.9778947458360598,-0.06853437850988242,0.19514774653825662,-0.030696757854112577
1667915997767592700,2.0145927734375,0.103600412607193,0.15918020904064178,-0.01828421652317047,0.37883079051971436,0.14437586069107056,-0.9141350388526917,0.02790743112564087,0.03309909999370575,-0.01622384786605835,0.9778098291455022,-0.06763508195967541,0.19585194909159723,-0.03090948248746178
1667915997777565400,2.0245654296875,0.06603279709815979,0.145175963640213,-0.015606142580509186,0.3801489472389221,0.14359794557094574,-0.9137102365493774,0.03101438283920288,0.052599549293518066,-0.015305876731872559,0.9776945418962117,-0.06718081242343059,0.19654927789493654,-0.031120242980339163
1667915997787539500,2.03453955078125,0.06980196386575699,0.14396725594997406,-0.01126174908131361,0.3813161551952362,0.14351671934127808,-0.9132364988327026,0.032258033752441406,0.060813724994659424,-0.024477124214172363,0.9775657862167755,-0.06707974935513303,0.19718531296937755,-0.03135876793139697
1667915997797513500,2.044513427734375,0.07829265296459198,0.14875055849552155,-0.03194785118103027,0.3823831379413605,0.14357420802116394,-0.9127812385559082,0.01967066526412964,0.05288270115852356,-0.022124767303466797,0.9774401517017396,-0.06704101355701503,0.1977748288555311,-0.03164471279104186
1667915997807486500,2.054486572265625,0.08904623240232468,0.1499476581811905,-0.0574406273663044,0.38336679339408875,0.1436774879693985,-0.9123522639274597,0.003565579652786255,0.038008913397789,-0.011430084705352783,0.9773161783080584,-0.0669958228245025,0.19833159197076797,-0.0320808197219809
1667915997817460500,2.06446044921875,0.12181616574525833,0.15583591163158417,-0.06672760844230652,0.3844734728336334,0.1435527205467224,-0.9119061231613159,-0.011060386896133423,0.011507079005241394,-0.003087162971496582,0.9771849405916755,-0.06681468417470292,0.19895409220932483,-0.03260078644115866
1667915997827433500,2.07443359375,0.17321783304214478,0.16848324239253998,-0.06802037358283997,0.385845810174942,0.1429334133863449,-0.9114236235618591,-0.017285048961639404,-0.0072217583656311035,-0.003295004367828369,0.9770420070414279,-0.06636421639298268,0.19970971255803585,-0.03317856069747033
1667915997837407500,2.084407470703125,0.19978685677051544,0.16640597581863403,-0.06579822301864624,0.3873826563358307,0.14191336929798126,-0.9109309911727905,-0.006492793560028076,-0.012549355626106262,-0.018771767616271973,0.9768952249573364,-0.06570000190369611,0.2005443029360809,-0.03378137863727548
1667915997847381500,2.094381591796875,0.20432062447071075,0.15898412466049194,-0.04651469737291336,0.38888290524482727,0.140787735581398,-0.9104663133621216,0.008486449718475342,-0.01499427855014801,-0.030329585075378418,0.9767563480914428,-0.06498688542226762,0.2013542889872754,-0.034354930683396734
1667915997857354800,2.104354736328125,0.19216303527355194,0.13394029438495636,-0.017564542591571808,0.39032307267189026,0.13991637527942657,-0.9099842309951782,0.0042539238929748535,-0.02460572123527527,-0.03528249263763428,0.976615731263466,-0.06442245888712402,0.2021327142554487,-0.03483949978087458
1667915997867328800,2.114328857421875,0.15570196509361267,0.11998428404331207,0.020066790282726288,0.39156949520111084,0.13914167881011963,-0.9095674753189087,-0.00265347957611084,-0.03469526767730713,-0.027398526668548584,0.9764986065683193,-0.0639489699022035,0.2027974481263576,-0.03513238688391357
1667915997877301500,2.124301513671875,0.12030375748872757,0.10513529926538467,0.04193054512143135,0.3926060199737549,0.1384088546037674,-0.9092323780059814,-0.0035374462604522705,-0.034908488392829895,-0.014809370040893555,0.9764102032558492,-0.06354532413746627,0.20333668289689283,-0.035203299909913055
1667915997887275500,2.134275634765625,0.09613370150327682,0.09775025397539139,0.04458993300795555,0.39340656995773315,0.13777822256088257,-0.9089820981025696,0.00403904914855957,-0.01834772527217865,-0.00656050443649292,0.9763472563118585,-0.06321827453952354,0.2037459410370638,-0.035171870737182254
1667915997897249500,2.14424951171875,0.09935453534126282,0.09306788444519043,0.030962005257606506,0.39405378699302673,0.13699758052825928,-0.9088197350502014,0.0003705918788909912,0.002894982695579529,-0.009835660457611084,0.9763063564409667,-0.06281347686665745,0.2040701190580971,-0.03515257513054526
1667915997907222500,2.154222412109375,0.14043831825256348,0.09890121966600418,0.027489840984344482,0.3946074843406677,0.13581664860248566,-0.9087567329406738,-0.00543212890625,0.01445189118385315,-0.011882305145263672,0.97628902657643,-0.06219314390431878,0.20433711010337205,-0.03518617138566238
1667915997917196500,2.164196533203125,0.19364269077777863,0.09546760469675064,0.02746747061610222,0.39522284269332886,0.13407586514949799,-0.9087477922439575,-0.008702456951141357,0.00896000862121582,-0.01634681224822998,0.9762841346334418,-0.06127654242744894,0.20462475214247075,-0.03525778271444652
1667915997927169500,2.17416943359375,0.23948314785957336,0.09120524674654007,0.02638866752386093,0.395947128534317,0.13182565569877625,-0.908761739730835,-0.0019041597843170166,0.005701795220375061,-0.012380838394165039,0.9762840782797599,-0.06009054251914074,0.2049591637960343,-0.03536016034366857
1667915997937143600,2.1841435546875,0.2528895139694214,0.07882927358150482,0.02938765287399292,0.3964650332927704,0.12910263240337372,-0.9089268445968628,0.010898858308792114,0.00010879337787628174,0.00002181529998779297,0.9763217083425215,-0.05865908577242886,0.2051723461245463,-0.0354880944344676
1667915997947116500,2.194116455078125,0.23403137922286987,0.05928709730505943,0.019355302676558495,0.3967052400112152,0.12610618770122528,-0.9092426300048828,0.01128426194190979,-0.014396607875823975,0.016466140747070312,0.9763988148342543,-0.05709632754747375,0.205228371898879,-0.035591128217767165
1667915997957090600,2.204090576171875,0.21134312450885773,0.047611530870199203,0.021458402276039124,0.3968125581741333,0.12319831550121307,-0.9095944166183472,-0.0011521577835083008,-0.026076138019561768,0.020937800407409668,0.9764861346971632,-0.055586779530356054,0.20521428945930453,-0.03566729342683306
1667915997967064600,2.214064697265625,0.19744861125946045,0.04940984770655632,0.01959754154086113,0.39721184968948364,0.12111765146255493,-0.909699559211731,-0.01676449179649353,-0.01896005868911743,0.014863133430480957,0.9765092698567606,-0.054492427746034744,0.20537965042695056,-0.03577016864767241
1667915997977037600,2.22403759765625,0.19258753955364227,0.050765130668878555,0.02427484840154648,0.397431343793869,0.1199515163898468,-0.9097582101821899,-0.019516944885253906,-0.004259392619132996,0.009123444557189941,0.9765175530985806,-0.05385298628589623,0.20547691254259343,-0.03595232378997232
1667915997987011600,2.234011474609375,0.18939627707004547,0.06126648932695389,0.02772544138133526,0.3974890112876892,0.1192089319229126,-0.9098305702209473,-0.016736477613449097,0.008385047316551208,0.011438846588134766,0.976528072799786,-0.05342583484972704,0.2055003237364902,-0.036168491649376355
1667915997996984600,2.243984619140625,0.18395783007144928,0.0937032625079155,0.032275453209877014,0.3976513147354126,0.11824294179677963,-0.9098857641220093,-0.014823585748672485,0.020688332617282867,0.015446007251739502,0.976536051873955,-0.05289274862578213,0.20557112171486114,-0.03633678513096644
1667915998006958600,2.25395849609375,0.20162178575992584,0.10218250006437302,0.04536231607198715,0.39831072092056274,0.11702173948287964,-0.9097551703453064,-0.010325521230697632,0.025159649550914764,0.013209760189056396,0.9764979844318674,-0.05223161614470546,0.20589869357203003,-0.03645871172081727
1667915998016932600,2.2639326171875,0.21097853779792786,0.11699020862579346,0.05377044528722763,0.399604469537735,0.11542797833681107,-0.9093913435935974,-0.002448737621307373,0.028431877493858337,0.011701524257659912,0.9764031890615684,-0.05138660256970357,0.2065520168853159,-0.03650385886231111
1667915998026905600,2.273905517578125,0.21341586112976074,0.10844188183546066,0.05606784299015999,0.40116026997566223,0.11321686208248138,-0.9089842438697815,0.0030297935009002686,0.022494792938232422,0.015353262424468994,0.9763003648606658,-0.050238894804126605,0.20732564420205304,-0.03646523996452089
1667915998036879600,2.283879638671875,0.16252018511295319,0.0987682119011879,0.05272424593567848,0.40227967500686646,0.11079961806535721,-0.9087873697280884,0.0037261247634887695,0.009805843234062195,0.02399122714996338,0.9762533724719493,-0.049002797834618105,0.20785821016974682,-0.03637413804888384
1667915998046852600,2.2938525390625,0.08869682997465134,0.07286602258682251,0.03633144870400429,0.40262213349342346,0.10926736146211624,-0.9088212847709656,-0.006229311227798462,0.003907069563865662,0.0444260835647583,0.9762649772777273,-0.04822852533274449,0.20799849235477003,-0.03629767547278662
1667915998056826600,2.30382666015625,0.06026998534798622,0.06374629586935043,0.01031662430614233,0.4027448892593384,0.10875237733125687,-0.908828616142273,-0.02457106113433838,0.018032893538475037,0.04008471965789795,0.9762662989783206,-0.04795959463013759,0.2080518074351382,-0.03631235616271189
1667915998066800600,2.313800537109375,0.08484296500682831,0.06318920850753784,-0.00908785592764616,0.40298014879226685,0.1085662990808487,-0.908746600151062,-0.038035690784454346,0.03643795847892761,0.02936732769012451,0.9762402670559588,-0.047832586894849254,0.20817961500601143,-0.03644474377377094
1667915998076773600,2.323773681640625,0.1238071471452713,0.06057931110262871,-0.03558924049139023,0.4032784104347229,0.10831111669540405,-0.9086447358131409,-0.03738793730735779,0.04125553369522095,0.01391512155532837,0.9762027450906456,-0.04763196545129804,0.20834786162597876,-0.0367515232572434
1667915998086747600,2.33374755859375,0.18047069013118744,0.04387228935956955,-0.037364568561315536,0.40353894233703613,0.10770108550786972,-0.9086015820503235,-0.03171280026435852,0.032603465020656586,0.0027177929878234863,0.9761752121733858,-0.04722294401352876,0.20849272489628273,-0.037184394085667594
1667915998096720400,2.343720458984375,0.19764648377895355,0.03996782749891281,-0.03907724842429161,0.40384185314178467,0.10676098614931107,-0.9085779190063477,-0.03424346446990967,0.02452562004327774,-0.011115074157714844,0.9761515277833974,-0.04663748836611434,0.208652751359777,-0.03764742699723256
1667915998106694400,2.3536943359375,0.1959116905927658,0.021126829087734222,-0.02278660051524639,0.4041939377784729,0.10566234588623047,-0.9085497856140137,-0.03265771269798279,0.025135979056358337,-0.004490375518798828,0.9761280760702378,-0.04597977906030061,0.2088323817321955,-0.03806412301439571
1667915998116667400,2.36366748046875,0.18904873728752136,0.022885579615831375,-0.01880996860563755,0.40454986691474915,0.10431967675685883,-0.9085465669631958,-0.027810394763946533,0.03307044506072998,0.0185014009475708,0.9761142415912654,-0.045215018913919026,0.20900318958995734,-0.038395649696583156
1667915998126641400,2.373641357421875,0.1943332403898239,0.02824871987104416,-0.044255852699279785,0.40492525696754456,0.10293962061405182,-0.9085367321968079,-0.028613030910491943,0.04819866269826889,0.03390294313430786,0.9760971983525772,-0.0444230741777264,0.20918469231981118,-0.03876273467880903
1667915998136615400,2.383615478515625,0.2023903727531433,0.03958659619092941,-0.07634267956018448,0.405017614364624,0.10185155272483826,-0.9086182117462158,-0.03429010510444641,0.056412599980831146,0.03735661506652832,0.976095896857454,-0.04374437051608194,0.20923032929058208,-0.03932065805024482
1667915998146588700,2.393588623046875,0.20904400944709778,0.05497317388653755,-0.10167285054922104,0.40497085452079773,0.1010226458311081,-0.9087315797805786,-0.03721880912780762,0.049200110137462616,0.03388416767120361,0.9760949696900614,-0.04316287787300665,0.20921564752788238,-0.040055582084171426
1667915998156562700,2.403562744140625,0.18418367207050323,0.06255652755498886,-0.13144539296627045,0.4050063490867615,0.10042352974414825,-0.9087821245193481,-0.03931424021720886,0.05153874307870865,0.031157612800598145,0.976071647792407,-0.04266807219857201,0.20925671088894246,-0.04092900563056984
1667915998166535700,2.41353564453125,0.1746673882007599,0.07176242023706436,-0.15176409482955933,0.4051370918750763,0.09987299889326096,-0.9087845087051392,-0.03886514902114868,0.054408617317676544,0.04228365421295166,0.9760321260176559,-0.042180363639101624,0.20935268858633577,-0.041877219877312966
1667915998176509700,2.423509765625,0.2066516876220703,0.0792541578412056,-0.16190221905708313,0.4053012430667877,0.09910840541124344,-0.9087950587272644,-0.04556006193161011,0.04992417246103287,0.040417373180389404,0.9759909640125574,-0.04156910353125963,0.20946236871899485,-0.04288662385722275
1667915998186483700,2.433483642578125,0.2228173464536667,0.08361242711544037,-0.18281327188014984,0.40556010603904724,0.098138727247715,-0.908784806728363,-0.05115950107574463,0.04546172916889191,0.03691285848617554,0.9759388771610432,-0.040828625659404816,0.2096201697094071,-0.043999202970812556
1667915998196456700,2.443456787109375,0.2313024401664734,0.08653657883405685,-0.19408775866031647,0.4059852659702301,0.09721878170967102,-0.9086938500404358,-0.0541023313999176,0.033961012959480286,0.02946716547012329,0.9758592209388035,-0.040084191980966,0.20987218360881463,-0.04523164067825597
1667915998206430700,2.4534306640625,0.2377113401889801,0.08419936895370483,-0.18983565270900726,0.4064440131187439,0.09643733501434326,-0.9085720181465149,-0.048930585384368896,0.02071963995695114,0.015215694904327393,0.9757682892130898,-0.03940160150289709,0.21014639552701328,-0.04650013182702162
1667915998216403500,2.463403564453125,0.23396854102611542,0.08373837918043137,-0.19725282490253448,0.40682345628738403,0.09578350931406021,-0.9084713459014893,-0.04360324144363403,0.027690589427947998,0.014992952346801758,0.9756809712863377,-0.038783876997256425,0.21038090174719523,-0.04777556098556862
1667915998226377500,2.47337744140625,0.23009629547595978,0.08905036747455597,-0.2079392671585083,0.4071519076824188,0.09515850245952606,-0.9083899259567261,-0.04416060447692871,0.04326922446489334,0.0167272686958313,0.9755949612539706,-0.0381733648258398,0.21058927312350753,-0.049088483635714164
1667915998236351500,2.4833515625,0.22506852447986603,0.10646797716617584,-0.20258550345897675,0.40755313634872437,0.09457845985889435,-0.908270537853241,-0.04678961634635925,0.03203895688056946,0.022070586681365967,0.975496560658177,-0.03758016762292049,0.2108375157416369,-0.050417531794268444
1667915998246324500,2.493324462890625,0.19889096915721893,0.09243912249803543,-0.19641968607902527,0.4080468416213989,0.09407446533441544,-0.9081012010574341,-0.0400812029838562,-0.00438331812620163,0.03238403797149658,0.9753861508685573,-0.03703410397119266,0.21113475676649957,-0.05169532280879402
1667915998256298500,2.503298583984375,0.13902178406715393,0.06736093759536743,-0.1776428073644638,0.40873977541923523,0.09303537011146545,-0.9078965783119202,-0.03145098686218262,-0.02690378576517105,0.044920504093170166,0.97527591430911,-0.03625150409201628,0.2115124934511402,-0.052774498120446656
1667915998266271500,2.513271484375,0.10110262781381607,0.047062940895557404,-0.16329656541347504,0.4091974198818207,0.09241370111703873,-0.9077539443969727,-0.024492889642715454,-0.023871228098869324,0.042031288146972656,0.9751887621644316,-0.035720433662091225,0.2117713065183715,-0.053702663893078983
1667915998276245500,2.52324560546875,0.10750939697027206,0.0284865889698267,-0.16189786791801453,0.40948349237442017,0.09189942479133606,-0.9076771140098572,-0.026732057332992554,0.0014385655522346497,0.022148549556732178,0.9751207260650907,-0.03526071036173021,0.21193894332567284,-0.05457356552911935
1667915998286219500,2.533219482421875,0.1373237520456314,0.028296656906604767,-0.1618792563676834,0.4096963405609131,0.09118810296058655,-0.9076528549194336,-0.027906209230422974,0.02923424541950226,-0.0012217164039611816,0.9750644584789065,-0.03469833240633324,0.21206039769528487,-0.05546033281209656
1667915998296192800,2.54319287109375,0.14983581006526947,0.02506730705499649,-0.18018661439418793,0.4098621904850006,0.09033650904893875,-0.907663106918335,-0.025325506925582886,0.04339148849248886,-0.0009367465972900391,0.9750111390042191,-0.034046378291530795,0.2121539532471863,-0.05643381540316428
1667915998306166500,2.55316650390625,0.13649311661720276,0.02991592511534691,-0.20030680298805237,0.41005855798721313,0.0895414873957634,-0.9076532125473022,-0.021035760641098022,0.031460702419281006,0.011779189109802246,0.9749467755016162,-0.03340349559603506,0.2122677738430332,-0.05749395145885239
1667915998316139500,2.563139404296875,0.11065112799406052,0.013937757350504398,-0.2079005390405655,0.4101768136024475,0.08901258558034897,-0.9076517820358276,-0.021016687154769897,0.005469821393489838,0.03710734844207764,0.974880151783793,-0.032887344123837606,0.21235001446915858,-0.058606417829252355
1667915998326113500,2.573113525390625,0.07872328907251358,0.005126356612890959,-0.20985209941864014,0.4101528227329254,0.08875642716884613,-0.9076877236366272,-0.024395406246185303,-0.006740450859069824,0.0428500771522522,0.9748230572253883,-0.032519260537791354,0.2123644286881393,-0.059697801955581664
1667915998336087600,2.583087646484375,0.030995450913906097,0.002466924022883177,-0.22133111953735352,0.41010400652885437,0.08889856934547424,-0.9076958298683167,-0.03112146258354187,0.002516821026802063,0.03907400369644165,0.9747584713788372,-0.03235806530949667,0.2123794406896217,-0.06077793989914365
1667915998346060500,2.593060546875,0.017620522528886795,0.0012285374104976654,-0.23577776551246643,0.4098510444164276,0.08946290612220764,-0.90775465965271,-0.034393310546875,0.0037987902760505676,0.03367018699645996,0.9747036047235558,-0.032412314057688206,0.2123019526369266,-0.06188852766465214
1667915998356034600,2.60303466796875,0.04648732766509056,0.0073423562571406364,-0.2319105863571167,0.4095548987388611,0.09019751101732254,-0.9078156352043152,-0.02994677424430847,0.002087630331516266,0.029260337352752686,0.9746437506567115,-0.03254059979362095,0.21221050991335721,-0.06306597308478967
1667915998366007600,2.613007568359375,0.09292300045490265,0.015584257431328297,-0.22643710672855377,0.4092084765434265,0.09082727134227753,-0.9079090356826782,-0.025892436504364014,0.004494369029998779,0.03325998783111572,0.9745872794485368,-0.03260513118995428,0.21209049382773573,-0.06429845451572314
1667915998375981600,2.622981689453125,0.12895557284355164,0.008396385237574577,-0.2374253123998642,0.4088723957538605,0.0912279561161995,-0.9080202579498291,-0.01969701051712036,0.010731257498264313,0.0334322452545166,0.9745294774879777,-0.032539055513618693,0.21196950967532202,-0.06559296659382202
1667915998385955600,2.63295556640625,0.15216714143753052,0.01968034915626049,-0.2557055354118347,0.4086478650569916,0.09125778824090958,-0.9081183671951294,-0.016344428062438965,0.015370607376098633,0.027030110359191895,0.9744607708570385,-0.032261217049369136,0.21189626786551255,-0.06697429842123748
1667915998395928600,2.642928466796875,0.14269614219665527,0.02954283356666565,-0.2716863751411438,0.40865033864974976,0.09106171876192093,-0.9081369042396545,-0.023182839155197144,0.006594516336917877,0.02033478021621704,0.9743646041974637,-0.031845021111758104,0.21193732630649442,-0.06842682509797998
1667915998405902600,2.652902587890625,0.11609915643930435,0.06280037015676498,-0.28815916180610657,0.40876495838165283,0.09095189720392227,-0.9080963730812073,-0.02245822548866272,-0.010110847651958466,0.0279693603515625,0.9742473503937172,-0.03145739510286133,0.21204304572823468,-0.06993233913860786
1667915998415875600,2.66287548828125,0.08669093251228333,0.0610530711710453,-0.302815318107605,0.408896803855896,0.09131142497062683,-0.9080008864402771,-0.021750807762145996,-0.03967570513486862,0.0399436354637146,0.9741092087503243,-0.03129588878613439,0.2121794402486571,-0.07149655943339861
1667915998425849300,2.672849365234375,0.04875021427869797,0.04736873507499695,-0.30895042419433594,0.4089305102825165,0.09201403707265854,-0.9079148173332214,-0.01244613528251648,-0.05606435239315033,0.03988802433013916,0.9739700223182653,-0.031309673253948504,0.21227883126019723,-0.0730752751552205
1667915998435823400,2.6828232421875,0.04172692447900772,0.04352552443742752,-0.31863608956336975,0.408876895904541,0.09294566512107849,-0.9078440070152283,-0.006945163011550903,-0.039570435881614685,0.02315467596054077,0.9738325356054774,-0.03144496739832118,0.21234218263537114,-0.07464696895577383
1667915998445796600,2.692796630859375,0.07392613589763641,0.043681155890226364,-0.33987900614738464,0.4090671241283417,0.09356292337179184,-0.907694935798645,-0.005365341901779175,-0.011897899210453033,0.01500999927520752,0.973667395770152,-0.03139588144143727,0.21252491033691745,-0.07628429908988543
1667915998455770400,2.702770263671875,0.10871953517198563,0.06661949306726456,-0.3665492534637451,0.40933188796043396,0.09397848695516586,-0.9075326323509216,-0.00256308913230896,0.0008396133780479431,0.02053922414779663,0.9734834626122281,-0.03120589049069733,0.21274369075844005,-0.07807904656164205
1667915998465743600,2.71274365234375,0.12985944747924805,0.08458832651376724,-0.394599974155426,0.40978047251701355,0.09421394765377045,-0.9073057174682617,-0.00520893931388855,-0.01268625259399414,0.03081035614013672,0.9732655107420158,-0.030878318875377862,0.21305787651518912,-0.08004478273175447
1667915998475717600,2.722717529296875,0.10043471306562424,0.1073351800441742,-0.4043652415275574,0.41040924191474915,0.09456924349069595,-0.9069845080375671,-0.0043270885944366455,-0.034159719944000244,0.03438013792037964,0.9730107476222686,-0.030581066478530303,0.2134772664859733,-0.08211139563260855
1667915998485691600,2.732691650390625,0.062279604375362396,0.11282903701066971,-0.408663272857666,0.4111287593841553,0.09529641270637512,-0.9065824151039124,-0.005214512348175049,-0.05841594189405441,0.03455793857574463,0.9727317596895507,-0.030470458136694002,0.2139633901200214,-0.0841668454288767
1667915998495664600,2.74266455078125,0.013878248631954193,0.11854098737239838,-0.4133158028125763,0.41185644268989563,0.09642060846090317,-0.9061331748962402,0.0004512667655944824,-0.06932102143764496,0.028279781341552734,0.9724394768973091,-0.03056797341019233,0.2144737870120936,-0.08618675018481908
1667915998505638700,2.752638671875,0.004095126874744892,0.12549929320812225,-0.41707396507263184,0.412628710269928,0.09785699099302292,-0.9056277275085449,0.0011438727378845215,-0.06325007975101471,0.022204875946044922,0.9721290600453507,-0.030822700484632454,0.2150258265214089,-0.08819803066685011
1667915998515611600,2.762611572265625,0.013970660045742989,0.1527138650417328,-0.43377891182899475,0.41357940435409546,0.09932050853967667,-0.9050345420837402,0.002207338809967041,-0.03724776953458786,0.016103267669677734,0.9717876732995885,-0.031070467925096622,0.21567880106663387,-0.09025622908939274
1667915998525585700,2.772585693359375,0.04257088154554367,0.16486957669258118,-0.45234599709510803,0.41468724608421326,0.10070283710956573,-0.9043745994567871,0.003846079111099243,-0.020456872880458832,-0.006681919097900391,0.9714140282205477,-0.0312424741766879,0.21641765926844406,-0.09242332461816216
1667915998535560700,2.782560791015625,0.08525868505239487,0.18044987320899963,-0.47438687086105347,0.4158933758735657,0.10181351006031036,-0.9036961793899536,0.0064698755741119385,-0.025473810732364655,-0.03465837240219116,0.9710174126333999,-0.031237080114197742,0.2172007581539154,-0.09472806689721902
1667915998545533400,2.792533447265625,0.0896795317530632,0.18266531825065613,-0.4990163743495941,0.4171712100505829,0.10280077159404755,-0.9029951691627502,0.009083092212677002,-0.04077380895614624,-0.05942249298095703,0.9705938784818318,-0.031126890768407335,0.2180218939709044,-0.09718663665347682
1667915998555507500,2.802507568359375,0.051989682018756866,0.17574775218963623,-0.5133684277534485,0.41837307810783386,0.10405444353818893,-0.9022952318191528,0.01409149169921875,-0.061116233468055725,-0.04980742931365967,0.9701557367629456,-0.03113397442861418,0.21882201070324017,-0.09972679186909511
1667915998565480400,2.81248046875,0.01488199457526207,0.14649710059165955,-0.5165247917175293,0.4194107949733734,0.10567507892847061,-0.901624858379364,0.0167158842086792,-0.075340636074543,-0.028917133808135986,0.9697198212762814,-0.031335772144176675,0.21955785440142436,-0.102253784955183
1667915998575454500,2.822454345703125,-0.001963564660400152,0.10827062278985977,-0.5258477330207825,0.4201040267944336,0.10756253451108932,-0.9010787606239319,0.021637916564941406,-0.06383086740970612,-0.016172826290130615,0.9693108648470922,-0.03169192388121221,0.22012778173260103,-0.10476615417682722
1667915998585428500,2.832428466796875,-0.008666208013892174,0.1001942828297615,-0.5432099103927612,0.42058509588241577,0.10966894775629044,-0.9006003141403198,0.02459007501602173,-0.04484962671995163,-0.009281277656555176,0.968907521272879,-0.032158312421289845,0.2206030039844334,-0.10732421302235184
1667915998595401500,2.8424013671875,0.018353158608078957,0.10774088650941849,-0.5569209456443787,0.42103371024131775,0.11170002818107605,-0.9001409411430359,0.021959424018859863,-0.043249115347862244,-0.007100880146026611,0.9684922451009492,-0.032565752103478916,0.22106331946197708,-0.10997000647848282
1667915998605375500,2.85237548828125,0.03568714112043381,0.1321810632944107,-0.5933399200439453,0.421564519405365,0.11362044513225555,-0.8996520042419434,0.01622539758682251,-0.03398483991622925,-0.00801706314086914,0.9680439261141313,-0.032874320104426834,0.22156999500703428,-0.11276994210243091
1667915998615348500,2.862348388671875,0.033810943365097046,0.1517651528120041,-0.6172489523887634,0.42229411005973816,0.11562152206897736,-0.8990547060966492,0.00814107060432434,-0.02396199107170105,0.00131911039352417,0.9675390194606522,-0.03317028946078977,0.22219896087672408,-0.11573956937009128
1667915998625322500,2.872322509765625,0.055407583713531494,0.15061241388320923,-0.618014395236969,0.42306047677993774,0.11761915683746338,-0.8984350562095642,0.015721231698989868,-0.04381241649389267,0.001019895076751709,0.9670120965178564,-0.033445619335264735,0.22285389479259113,-0.11876507774359263
1667915998635295700,2.882295654296875,0.09979075938463211,0.11506054550409317,-0.6197891235351562,0.423647403717041,0.11930176615715027,-0.8979365229606628,0.024350613355636597,-0.06095217913389206,-0.015881836414337158,0.9665018725349113,-0.03355897755872929,0.2233954874265704,-0.12182908417285093
1667915998645269800,2.892269775390625,0.15048988163471222,0.08137555420398712,-0.6271892786026001,0.4239165186882019,0.12056299299001694,-0.8976410031318665,0.02884221076965332,-0.06084011495113373,-0.032153308391571045,0.9660275152894874,-0.03346304683777048,0.22374031864272348,-0.12494516845243586
1667915998655243500,2.902243408203125,0.17028489708900452,0.08635646104812622,-0.6321512460708618,0.4240315556526184,0.12155456095933914,-0.8974528908729553,0.027613312005996704,-0.05043336749076843,-0.029167592525482178,0.9655604120819352,-0.033220007821521486,0.2239865561041714,-0.12813874063786906
